<?xml version="1.0" encoding="UTF-8"?>
<project-private xmlns="http://www.netbeans.org/ns/project-private/1">
    <editor-bookmarks xmlns="http://www.netbeans.org/ns/editor-bookmarks/2" lastBookmarkId="0"/>
    <open-files xmlns="http://www.netbeans.org/ns/projectui-open-files/2">
        <group>
            <file>file:/C:/Users/IQMAL/OneDrive/Documents/NetBeansProjects/MentorshipSystem/web/mentee/findMentor.jsp</file>
            <file>file:/C:/Users/IQMAL/OneDrive/Documents/NetBeansProjects/MentorshipSystem/web/admin/profileAdmin.jsp</file>
            <file>file:/C:/Users/IQMAL/OneDrive/Documents/NetBeansProjects/MentorshipSystem/web/css/profile.css</file>
            <file>file:/C:/Users/IQMAL/OneDrive/Documents/NetBeansProjects/MentorshipSystem/web/mentor/profileMentor.jsp</file>
            <file>file:/C:/Users/IQMAL/OneDrive/Documents/NetBeansProjects/MentorshipSystem/web/mentee/profileMentee.jsp</file>
            <file>file:/C:/Users/IQMAL/OneDrive/Documents/NetBeansProjects/MentorshipSystem/web/mentee/index.jsp</file>
            <file>file:/C:/Users/IQMAL/OneDrive/Documents/NetBeansProjects/MentorshipSystem/src/java/controller/LoginServlet.java</file>
            <file>file:/C:/Users/IQMAL/OneDrive/Documents/NetBeansProjects/MentorshipSystem/src/java/controller/MenteeServlet.java</file>
            <file>file:/C:/Users/IQMAL/OneDrive/Documents/NetBeansProjects/MentorshipSystem/web/login.jsp</file>
            <file>file:/C:/Users/IQMAL/OneDrive/Documents/NetBeansProjects/MentorshipSystem/web/css/inboxMentee.css</file>
            <file>file:/C:/Users/IQMAL/OneDrive/Documents/NetBeansProjects/MentorshipSystem/web/mentee/notesMentee.jsp</file>
            <file>file:/C:/Users/IQMAL/OneDrive/Documents/NetBeansProjects/MentorshipSystem/web/WEB-INF/web.xml</file>
            <file>file:/C:/Users/IQMAL/OneDrive/Documents/NetBeansProjects/MentorshipSystem/web/css/profileMentor.css</file>
            <file>file:/C:/Users/IQMAL/OneDrive/Documents/NetBeansProjects/MentorshipSystem/src/java/controller/AdminServlet.java</file>
            <file>file:/C:/Users/IQMAL/OneDrive/Documents/NetBeansProjects/MentorshipSystem/src/java/model/Note.java</file>
            <file>file:/C:/Users/IQMAL/OneDrive/Documents/NetBeansProjects/MentorshipSystem/nbproject/build-impl.xml</file>
            <file>file:/C:/Users/IQMAL/OneDrive/Documents/NetBeansProjects/MentorshipSystem/web/mentor/PendingRequest.jsp</file>
            <file>file:/C:/Users/IQMAL/OneDrive/Documents/NetBeansProjects/MentorshipSystem/src/java/dao/MenteeDAO.java</file>
            <file>file:/C:/Users/IQMAL/OneDrive/Documents/NetBeansProjects/MentorshipSystem/web/css/register.css</file>
            <file>file:/C:/Users/IQMAL/OneDrive/Documents/NetBeansProjects/MentorshipSystem/src/java/controller/LogoutServlet.java</file>
            <file>file:/C:/Users/IQMAL/OneDrive/Documents/NetBeansProjects/MentorshipSystem/web/css/addProfession.css</file>
            <file>file:/C:/Users/IQMAL/OneDrive/Documents/NetBeansProjects/MentorshipSystem/web/css/dashboardMentee.css</file>
            <file>file:/C:/Users/IQMAL/OneDrive/Documents/NetBeansProjects/MentorshipSystem/web/css/dashboardMentor.css</file>
            <file>file:/C:/Users/IQMAL/OneDrive/Documents/NetBeansProjects/MentorshipSystem/src/java/model/User.java</file>
            <file>file:/C:/Users/IQMAL/OneDrive/Documents/NetBeansProjects/MentorshipSystem/src/java/controller/RegisterServlet.java</file>
            <file>file:/C:/Users/IQMAL/OneDrive/Documents/NetBeansProjects/MentorshipSystem/web/mentee/inboxMentee.jsp</file>
            <file>file:/C:/Users/IQMAL/OneDrive/Documents/NetBeansProjects/MentorshipSystem/web/mentor/ScheduleMeeting.jsp</file>
            <file>file:/C:/Users/IQMAL/OneDrive/Documents/NetBeansProjects/MentorshipSystem/web/css/meetingMentee.css</file>
            <file>file:/C:/Users/IQMAL/OneDrive/Documents/NetBeansProjects/MentorshipSystem/web/mentor/NotesMentor.jsp</file>
            <file>file:/C:/Users/IQMAL/OneDrive/Documents/NetBeansProjects/MentorshipSystem/src/java/model/Profession.java</file>
            <file>file:/C:/Users/IQMAL/OneDrive/Documents/NetBeansProjects/MentorshipSystem/web/register.jsp</file>
            <file>file:/C:/Users/IQMAL/OneDrive/Documents/NetBeansProjects/MentorshipSystem/web/css/login.css</file>
            <file>file:/C:/Users/IQMAL/OneDrive/Documents/NetBeansProjects/MentorshipSystem/web/admin/profession.jsp</file>
            <file>file:/C:/Users/IQMAL/OneDrive/Documents/NetBeansProjects/MentorshipSystem/src/java/utils/DBConnection.java</file>
            <file>file:/C:/Users/IQMAL/OneDrive/Documents/NetBeansProjects/MentorshipSystem/web/css/NotesMentor.css</file>
            <file>file:/C:/Users/IQMAL/OneDrive/Documents/NetBeansProjects/MentorshipSystem/web/mentee/meetingMentee.jsp</file>
            <file>file:/C:/Users/IQMAL/OneDrive/Documents/NetBeansProjects/MentorshipSystem/src/java/model/Announcement.java</file>
            <file>file:/C:/Users/IQMAL/OneDrive/Documents/NetBeansProjects/MentorshipSystem/src/java/dao/MentorDAO.java</file>
            <file>file:/C:/Users/IQMAL/OneDrive/Documents/NetBeansProjects/MentorshipSystem/web/admin/viewUser.jsp</file>
            <file>file:/C:/Users/IQMAL/OneDrive/Documents/NetBeansProjects/MentorshipSystem/web/css/Announcement.css</file>
            <file>file:/C:/Users/IQMAL/OneDrive/Documents/NetBeansProjects/MentorshipSystem/web/admin/dashboardAdmin.jsp</file>
            <file>file:/C:/Users/IQMAL/OneDrive/Documents/NetBeansProjects/MentorshipSystem/web/admin/viewUserMentee.jsp</file>
            <file>file:/C:/Users/IQMAL/OneDrive/Documents/NetBeansProjects/MentorshipSystem/src/java/model/Mentorship.java</file>
            <file>file:/C:/Users/IQMAL/OneDrive/Documents/NetBeansProjects/MentorshipSystem/web/mentor/Announcement.jsp</file>
            <file>file:/C:/Users/IQMAL/OneDrive/Documents/NetBeansProjects/MentorshipSystem/src/java/controller/MentorServlet.java</file>
            <file>file:/C:/Users/IQMAL/OneDrive/Documents/NetBeansProjects/MentorshipSystem/web/mentor/MyMentees.jsp</file>
            <file>file:/C:/Users/IQMAL/OneDrive/Documents/NetBeansProjects/MentorshipSystem/src/java/dao/AdminDAO.java</file>
            <file>file:/C:/Users/IQMAL/OneDrive/Documents/NetBeansProjects/MentorshipSystem/web/mentor/dashboardMentor.jsp</file>
            <file>file:/C:/Users/IQMAL/OneDrive/Documents/NetBeansProjects/MentorshipSystem/web/css/dashboardAdmin.css</file>
            <file>file:/C:/Users/IQMAL/OneDrive/Documents/NetBeansProjects/MentorshipSystem/web/css/MyMentees.css</file>
            <file>file:/C:/Users/IQMAL/OneDrive/Documents/NetBeansProjects/MentorshipSystem/src/java/model/Meeting.java</file>
            <file>file:/C:/Users/IQMAL/OneDrive/Documents/NetBeansProjects/MentorshipSystem/src/java/dao/UserDAO.java</file>
        </group>
    </open-files>
</project-private>
